protein,color,N,d_over_a_mean,d_over_a_std,d_over_a_gs_equiv,d_over_a_normalized_to_gs_equiv,E_f,seq
GS0,black,0,1.357591547,0.046129726,1.243396993,1.091840784,0.424161684,
GS8,dimgrey,16,1.730627524,0.12139585,1.637549889,1.056839572,0.366216187,GSGSGSGSGSGSGSGS
GS16,grey,32,1.946817289,0.13637689,2.031702786,0.95821953,0.33934917,GSGSGSGSGSGSGSGSGSGSGSGSGSGSGSGS
GS24,darkgrey,48,2.33121627,0.15499856,2.425855683,0.960987204,0.300190657,GSGSGSGSGSGSGSGSGSGSGSGSGSGSGSGSGSGSGSGSGSGSGSGS
GS32,silver,64,2.556460943,0.133519665,2.820008579,0.906543676,0.281178401,GSGSGSGSGSGSGSGSGSGSGSGSGSGSGSGSGSGSGSGSGSGSGSGSGSGSGSGSGSGSGSGS
GS48,lightgray,96,3.84411473,0.11510644,3.608314373,1.065349172,0.206436068,GSGSGSGSGSGSGSGSGSGSGSGSGSGSGSGSGSGSGSGSGSGSGSGSGSGSGSGSGSGSGSGSGSGSGSGSGSGSGSGSGSGSGSGSGSGSGSGS
GS64,gainsboro,128,,,,,,GSGSGSGSGSGSGSGSGSGSGSGSGSGSGSGSGSGSGSGSGSGSGSGSGSGSGSGSGSGSGSGSGSGSGSGSGSGSGSGSGSGSGSGSGSGSGSGSGSGSGSGSGSGSGSGSGSGSGSGSGSGSGSGS
PUMA WT,darkslateblue,34,1.004101586,0.028194897,2.080971898,0.482515688,0.498976702,VEEEEWAREIGAQLRRIADDLNAQYERRRQEEQH
p53,royalblue,61,2.916628309,0.173653989,2.746104911,1.062096462,0.255321649,MEEPQSDPSVEPPLSQETFSDLWKLLPENNVLSPLPSQAMDDLMLSPDDIEQWFTEDPGPD
FUS,darkorange,163,2.848109802,0.08095731,5.258829627,0.541586247,0.259867845,MASNDYTQQATQSYGAYPTQPGQGYSQQSSQPYGQQSYSGYSQSTDTSGYGQSSYSSYGQSQNTGYGTQSTPQGYGSTGGYGSSQSSQSSYGQQSSYPGYGQQPAPSSTSGSYGSSSQSSSYGQPQSGSYSQQPSYGGQQQSYGQQQSYNPPQGYGQQNQYNS
E1A,teal,40,0.559961301,0.027266323,2.228779234,0.251241259,0.641041543,MRHIICHGGVITEEMAASLLDQLIEEVLADNLPPPSHFEP
Ash1,gold,83,2.603387126,0.383485483,3.288065144,0.791768719,0.277516671,GASASSSPSPSTPTKSGKMRSRSSSPVRPKAYTPSPRSPNYHRFALDSPPQSPRRSSNSSITKKGSRRSSGSSPTRHTTRVCV
PUMA S1,blueviolet,34,1.683726473,0.031085233,2.080971898,0.809105819,0.372616215,ELARQEERGIAVHYARQEQWANQLERERDEIERD
PUMA S2,violet,34,1.36141351,0.030796206,2.080971898,0.654220036,0.423475175,LEWLERRRQEEVAGQEYIRDNRAEQDRIAAEEQH
PUMA S3,darkmagenta,34,1.523129187,0.034220562,2.080971898,0.731931646,0.396333254,IHRAIDDQYERQLERQARLVWEEEGERERNEQAA
